PlayerId;Player_Name;Player_Position;Player_Nationality;Player_BirthdayDate
florian-chabrolle;Florian CHABROLLE;Milieu;FRA;07/04/1998
mohamed-toure;Mohamed TOURE;Attaquant;AUS;26/04/2004
seko-fofana;Seko FOFANA;Milieu;FRA;07/05/1995
sergio-rico-gonzalez;Sergio RICO;Gardien;ESP;01/09/1993
leonardo-cesar-jardim;Léo JARDIM;Gardien;ITA;20/03/1995
bingourou-kamara;Bingourou KAMARA;Gardien;FRA;21/10/1996
philana-tinotenda-kadewere;Tino KADEWERE;Attaquant;ZIM;05/01/1996
kouame-jean-fiacre-botue;Jean BOTUE;Attaquant;BUF;07/01/2002
joe-loic-affamah;Joe-Loïc AFFAMAH;Attaquant;FRA;29/06/2002
veljko-birmancevic;Veljko BIRMANCEVIC;Attaquant;SER;05/03/1998
abdoul-kader-bamba;Abdoul-Kader BAMBA;Attaquant;FRA;25/04/1994
matis-carvalho;Matis CARVALHO;Gardien;FRA;28/04/1999
cyrille-barros-bayala;Cyrille BAYALA;Attaquant;BUF;24/05/1996
salim-akkal;Salim AKKAL;;FRA;17/02/2000
maxime-dupe;Maxime DUPE;Gardien;FRA;04/03/1993
el-bilal-toure;El Bilal TOURE;Attaquant;MAI;03/10/2001
eliot-matazo;Eliot MATAZO;Milieu;BEL;15/02/2002
islam-slimani;Islam SLIMANI;Attaquant;ALG;18/06/1988
warmed-omari;Warmed OMARI;Défenseur;FRA;23/04/2000
mateo-loubatieres;Matéo LOUBATIERES;Milieu;FRA;15/09/2003
stephy-alvaro-mavididi;Stephy MAVIDIDI;Attaquant;ANG;31/05/1998
brayann-pereira;Brayann PEREIRA;Défenseur;FRA;21/05/2003
montassar-talbi;Montassar TALBI;Défenseur;FRA;06/05/1998
evann-guessand;Evann GUESSAND;Attaquant;FRA;01/07/2001
lukasz-poreba;Lukasz POREBA;Milieu;POL;13/03/2000
vincent-olivier-sierro;Vincent SIERRO;Milieu;SUI;08/10/1995
branco-van-den-boomen;Branco VAN DEN BOOMEN;Milieu;HOL;21/07/1995
jerome-boateng;Jerome BOATENG;Défenseur;ALL;03/09/1988
baptiste-santamaria;Baptiste SANTAMARIA;Milieu;FRA;09/03/1995
jean-lucas-de-souza-oliveira;Jean LUCAS;Milieu;BRE;22/06/1998
gaetan-perrin;Gaetan PERRIN;Milieu;FRA;07/06/1996
jean-charles-castelletto;Jean-Charles CASTELLETTO;Défenseur;FRA;26/01/1995
alexandre-letellier;Alexandre LETELLIER;Gardien;FRA;11/12/1990
jean-victor-makengo;Jean-Victor MAKENGO;Milieu;FRA;12/06/1998
nabil-bentaleb;Nabil BENTALEB;Milieu;FRA;24/11/1994
dogan-alemdar;Dogan ALEMDAR;Gardien;TUR;29/10/2002
thomas-delaine;Thomas DELAINE;Défenseur;FRA;24/03/1992
souleymane-isaak-toure;Isaak TOURE;Milieu;FRA;28/03/2003
jordan-lotomba;Jordan LOTOMBA;Défenseur;SUI;29/09/1998
yohann-magnin;Yohann MAGNIN;Milieu;FRA;21/06/1997
thibault-tamas;Thibault TAMAS;Défenseur;FRA;20/02/2001
mouhamadou-habibou-diallo;Habib DIALLO;Attaquant;FRA;18/06/1995
lassine-sinayoko;Lassine SINAYOKO;Attaquant;FRA;08/12/1999
ibrahim-amadou;Ibrahim AMADOU;Milieu;FRA;06/04/1993
dante-costa-santos;DANTE;Défenseur;BRE;18/10/1983
thomas-foket;Thomas FOKET;Défenseur;BEL;25/09/1994
tom-saettel;Tom SAETTEL;Attaquant;FRA;19/06/2005
ionut-andrei-radu;Andrei Ionut RADU;Gardien;ROU;28/05/1997
jodel-dossou;Jodel DOSSOU;Milieu;BEN;17/03/1992
ouparine-djoco;Ouparine DJOCO;Gardien;FRA;22/04/1998
hugo-magnetti;Hugo MAGNETTI;Milieu;FRA;30/05/1998
jean-clair-todibo;Jean-Clair TODIBO;Défenseur;FRA;30/12/1999
florent-mollet;Florent MOLLET;Milieu;FRA;19/11/1991
stan-berkani;Stan BERKANI;Milieu;FRA;13/08/2003
mateusz-wieteska;Mateusz WIETESKA;Défenseur;POL;11/02/1997
kamory-doumbia;Kamory DOUMBIA;Milieu;MAI;18/02/2003
nathan-ngoumou-minpole;Nathan NGOUMOU;Attaquant;FRA;14/03/2000
joao-victor-da-silva-marcelino;Joao VICTOR;Défenseur;BRE;17/07/1998
gregoire-coudert;Grégoire COUDERT;Gardien;FRA;03/04/1999
gael-kakuta;Gaël KAKUTA;Attaquant;FRA;21/06/1991
pierre-lees-melou;Pierre LEES-MELOU;Milieu;FRA;25/05/1993
mehdi-zeffane;Mehdi ZEFFANE;Défenseur;FRA;19/05/1992
nicolas-louis-marcel-cozza;Nicolas COZZA;Défenseur;FRA;08/01/1999
jonas-omlin;Jonas OMLIN;Gardien;SUI;10/01/1994
joaquin-blazquez;Joaquin BLAZQUEZ;Gardien;ITA;28/01/2001
christian-kjetil-haug;Kjetil HAUG;Gardien;NOR;12/06/1998
florian-tardieu;Florian TARDIEU;Milieu;FRA;22/04/1992
steven-fortes;Steven FORTES;Défenseur;FRA;17/04/1992
ghjuvanni-quilichini;Ghjuvanni QUILICHINI;Gardien;FRA;01/09/2002
keilor-antonio-navas-gamboa;Keylor NAVAS;Gardien;ESP;15/12/1986
yassin-belkhdim;Yassin BELKHDIM;Milieu;FRA;14/02/2002
jose-miguel-da-rocha-fonte;José FONTE;Défenseur;POR;22/12/1983
jessy-moulin;Jessy MOULIN;Gardien;FRA;13/01/1986
rasmus-schmidt-nicolaisen;Rasmus NICOLAISEN;Défenseur;DAN;16/03/1997
himad-abdelli;Himad ABDELLI;Attaquant;FRA;17/11/1999
abdou-diallo;Abdou DIALLO;Défenseur;FRA;04/05/1996
ryan-tchato-mbiayi;Ryan TCHATO MBIAYI;;FRA;13/09/2004
home_player_substitute;;;;
rares-ilie;Rares ILIE;Milieu;ROU;19/04/2003
pau-lopez-sabata;Pau LOPEZ;Gardien;ESP;13/12/1994
arthur-theate;Arthur THEATE;Défenseur;BEL;25/05/2000
danilo-luis-helio-pereira;Danilo PEREIRA;Milieu;POR;09/09/1991
theo-sainte-luce;Théo SAINTE-LUCE;Défenseur;FRA;20/10/1998
away_player_holder;;;;
wesley-said;Wesley SAID;Attaquant;FRA;19/04/1995
abdoulaye-bamba;Abdoulaye BAMBA;Défenseur;ITA;25/04/1990
adrian-grbic;Adrian GRBIC;Attaquant;AUT;04/08/1996
guela-doue;Guéla DOUE;Défenseur;FRA;17/10/2002
farid-el-melali;Farid EL MELALI;Attaquant;ALG;13/07/1997
jonathan-gradit;Jonathan GRADIT;Défenseur;FRA;24/11/1992
amine-salama;Amine SALAMA;Attaquant;FRA;18/07/2000
marvin-senaya;Marvin SENAYA;Défenseur;FRA;28/01/2001
kevin-danso;Kevin DANSO;Défenseur;AUT;19/09/1998
amine-messoussa;Amine MESSOUSSA;Attaquant;FRA;12/10/2004
jean-eudes-pascal-armand-aholou;Jean-Eudes AHOLOU;;IVO;20/03/1994
antonin-bobichon;Antonin BOBICHON;Milieu;FRA;14/09/1995
youssuf-ndayishimiye;Youssuf NDAYISHIMIYE;Défenseur;BUR;27/10/1998
noah-fadiga;Noah FADIGA;Défenseur;BEL;03/12/1999
paul-nardi;Paul NARDI;Gardien;FRA;18/05/1994
eliesse-ben-seghir;Eliesse BEN SEGHIR;Milieu;FRA;16/02/2005
corentin-michel;Corentin MICHEL;;BEL;20/03/2000
przemyslaw-adam-frankowski;Przemyslaw FRANKOWSKI;Défenseur;POL;12/04/1995
jubal-rocha-mendes-junior;Jubal ROCHA MENDES JUNIOR;Défenseur;POR;29/08/1993
kenny-lala;Kenny LALA;Milieu;FRA;03/10/1991
ronael-pierre-gabriel;Ronaël PIERRE-GABRIEL;Défenseur;FRA;13/06/1998
han-noah-massengo;Han-Noah MASSENGO;Milieu;FRA;07/07/2001
lucas-lavallee;Lucas LAVALLÉE;Gardien;FRA;18/02/2003
julien-laporte;Julien LAPORTE;Défenseur;FRA;04/11/1993
yanis-massolin;Yanis MASSOLIN;Milieu;FRA;20/09/2002
folarin-balogun;Folarin BALOGUN;Attaquant;ANG;03/07/2001
mathias-pereira-lage;Mathias PEREIRA LAGE;Attaquant;FRA;30/11/1996
damien-da-silva;Damien DA SILVA;Défenseur;FRA;17/05/1988
remy-riou;Rémy RIOU;Gardien;FRA;06/08/1987
moussa-soumano;Moussa SOUMANO;Attaquant;FRA;09/07/2005
jordan-ferri;Jordan FERRI;Milieu;FRA;12/03/1992
nordi-mukiele;Nordi MUKIELE;Défenseur;FRA;01/11/1997
kevin-danois;Kevin DANOIS;Milieu;FRA;28/06/2004
mattia-viti;Mattia VITI;Défenseur;ITA;24/01/2002
achraf-laaziri;Achraf LAAZIRI;Attaquant;MAR;08/07/2003
ben-siriki-dembele;Siriki DEMBELE;Attaquant;ANG;07/09/1996
jens-cajuste;Jens CAJUSTE;Milieu;SUE;10/08/1999
ilyes-housni;Ilyes HOUSNI;Attaquant;FRA;14/05/2005
maxime-gonalons;Maxime GONALONS;Milieu;FRA;10/03/1989
houssem-aouar;Houssem AOUAR;Milieu;FRA;30/06/1998
timothy-weah;Timothy WEAH;Attaquant;FRA;22/02/2000
flavien-tait;Flavien TAIT;Milieu;FRA;02/02/1993
kevin-gameiro;Kévin GAMEIRO;Attaquant;FRA;09/05/1987
mohamed-youssouf;Mohamed YOUSSOUF;Attaquant;FRA;26/03/1988
jeanuel-belocian;Jeanuël BELOCIAN;Défenseur;FRA;17/02/2005
marcus-coco;Marcus COCO;Attaquant;FRA;24/06/1996
gideon-mensah;Gideon MENSAH;Défenseur;GHA;18/07/1998
theo-borne;Théo BORNE;Gardien;FRA;15/07/2002
alexis-flips;Alexis FLIPS;Attaquant;FRA;18/01/2000
tiago-emanuel-embalo-djalo;Tiago DJALO;Défenseur;POR;09/04/2000
tony-strata;Tony STRATA;;FRA;07/09/2004
anthony-khelifa;Anthony KHELIFA;;FRA;20/09/2005
axel-gueguin;Axel GUEGUIN;;FRA;24/03/2005
remy-labeau-lascary;Rémy LABEAU LASCARY;Attaquant;FRA;03/03/2003
thibault-de-smet;Thibault DE SMET;Défenseur;BEL;05/06/1998
cristian-pablo-paulino-rosario;Pablo ROSARIO;Milieu;HOL;07/01/1997
stephane-diarra;Stéphane DIARRA;Attaquant;FRA;09/12/1998
yoann-salmier;Yoann SALMIER;Défenseur;FRA;21/11/1992
alexander-djiku;Alexander DJIKU;Défenseur;FRA;09/08/1994
andre-filipe-tavares-gomes;André GOMES;Milieu;POR;30/07/1993
djibrail-dib;Djibrail DIB;Attaquant;FRA;03/07/2002
kyliane-dong;Kyliane DONG;Attaquant;FRA;27/09/2004
andrea-dacourt;Andréa DACOURT;;FRA;30/07/2005
matteo-makhabe;Mattéo MAKHABE;;FRA;28/11/2003
loris-mouyokolo;Loris MOUYOKOLO;Défenseur;FRA;22/05/2001
mohammed-youcef-belaili;Youcef BELAÏLI;Attaquant;ALG;14/03/1992
aurelien-pelon;Aurélien PELON;;FRA;06/05/2004
erik-ross-palmer-brown;Erik PALMER-BROWN;Défenseur;USA;24/04/1997
alexsandro-victor-de-souza-ribeiro;Alexsandro RIBEIRO;Défenseur;BRE;09/08/1999
yoann-touzghar;Yoann TOUZGHAR;Attaquant;FRA;29/11/1986
marco-bizot;Marco BIZOT;Gardien;HOL;10/03/1991
raphael-lipinski;Raphaël LIPINSKI;Défenseur;FRA;30/07/2002
sebastien-corchia;Sébastien CORCHIA;Défenseur;FRA;01/11/1990
lohann-doucet;Lohann DOUCET;Milieu;FRA;14/09/2002
deiver-machado-mena;Deiver MACHADO;Défenseur;COL;02/09/1993
lucas-margueron;Lucas MARGUERON;Gardien;FRA;12/02/2001
amine-gouiri;Amine GOUIRI;Attaquant;FRA;16/02/2000
pedro-felipe-teodosio-mendes;Pedro MENDES;Défenseur;POR;01/10/1990
jean-claude-billong;Jean-Claude BILLONG;Défenseur;FRA;28/12/1993
nuno-alexandre-tavares-mendes;Nuno MENDES;Défenseur;POR;19/06/2002
azor-matusiwa;Azor MATUSIWA;Milieu;HOL;28/04/1998
bartug-elmaz;Bartug ELMAZ;Milieu;TUR;19/02/2003
eduard-sobol;Eduard SOBOL;Défenseur;UKR;20/04/1995
moussa-kalilou-djitte;Moussa DJITTE;Attaquant;SEN;04/10/1999
thierno-balde;Thierno BALDE;Défenseur;FRA;10/06/2002
mickael-alphonse;Mickaël ALPHONSE;Défenseur;FRA;12/07/1989
guede-noah-nadje;Noah NADJE;Attaquant;FRA;12/11/2003
gerson-santos-da-silva;GERSON;Milieu;BRE;20/05/1997
denys-bain;Denys BAIN;Défenseur;FRA;02/07/1993
arnaud-souquet;Arnaud SOUQUET;Défenseur;FRA;12/02/1992
sepe-elye-wahi;Elye WAHI;Attaquant;FRA;02/01/2003
thomas-mangani;Thomas MANGANI;Milieu;FRA;29/04/1987
mathias-autret;Mathias AUTRET;Milieu;FRA;01/03/1991
ignatius-kpene-ganago;Ignatius GANAGO;Attaquant;CAM;16/02/1999
abdallah-dipo-sima;Abdallah SIMA;Attaquant;SEN;17/06/2001
benoit-badiashile-mukinayi;Benoît BADIASHILE;Défenseur;FRA;26/03/2001
edan-diop;Edan DIOP;Milieu;FRA;28/08/2004
adrien-thomasson;Adrien THOMASSON;Attaquant;FRA;10/12/1993
clement-vidal;Clément VIDAL;Défenseur;FRA;18/06/2000
thomas-didillon;Thomas DIDILLON;Gardien;FRA;28/11/1995
axel-wilson-arthur-disasi-mhakinis-belho;Axel DISASI;Défenseur;FRA;11/03/1998
souleymane-cisse;Souleymane CISSE;Défenseur;FRA;08/08/2002
terem-igobor-moffi;Terem MOFFI;;NIG;25/05/1999
maxence-caqueret;Maxence CAQUERET;Milieu;FRA;15/02/2000
alexandre-coeff;Alexandre COEFF;Défenseur;FRA;20/02/1992
paolo-lebas-da-silva;Paolo LEBAS DA SILVA;;FRA;20/04/2003
ike-dominique-ugbo;Iké UGBO;Attaquant;CAN;21/09/1998
alberth-josue-elis-martinez;Alberth ELIS;Attaquant;HND;12/02/1996
quentin-bernard;Quentin BERNARD;Attaquant;FRA;07/07/1989
redouane-halhal;Rédouane HALHAL;;FRA;05/03/2003
ibrahima-sissoko;Ibrahima SISSOKO;Milieu;FRA;27/10/1997
sada-thioub;Sada THIOUB;Attaquant;FRA;01/06/1995
amar-abdirahman-ahmed-fatah;Amar-Abdirahman AHMED FATAH;Attaquant;SUE;19/02/2004
ibrahima-niane;Ibrahima NIANE;;FRA;11/03/1999
duje-caleta-car;Duje CALETA-CAR;Défenseur;CRO;17/09/1996
issiaga-sylla;Issiaga SYLLA;Défenseur;GUI;01/01/1994
andy-delort;Andy DELORT;Attaquant;FRA;09/10/1991
marco-verratti;Marco VERRATTI;Milieu;ITA;05/11/1992
thijs-jacco-jan-dallinga;Thijs DALLINGA;Attaquant;HOL;03/08/2000
anthony-lopes;Anthony LOPES;Gardien;FRA;01/10/1990
azz-eddine-ounahi;Azzedine OUNAHI;Milieu;MAR;19/04/2000
chancel-mbemba-mangulu;Chancel MBEMBA;Défenseur;RCO;08/08/1994
serhou-guirassy;Serhou GUIRASSY;Attaquant;FRA;12/03/1996
yehvann-diouf;Yehvann DIOUF;Gardien;FRA;16/11/1999
theo-le-bris;Théo LE BRIS;Milieu;FRA;01/10/2002
tristan-dingome;Tristan DINGOME;Milieu;FRA;17/02/1991
massadio-haidara;Massadio HAIDARA;Défenseur;FRA;02/12/1992
mamadou-coulibaly;Mamadou COULIBALY;Milieu;FRA;21/04/2004
michel-junior-diaz;Michel Junior DIAZ;Défenseur;FRA;23/07/2003
serif-nhaga;Serif NHAGA;;POR;01/09/2005
jean-kevin-duverne;Jean-Kévin DUVERNE;Défenseur;FRA;12/07/1997
remy-dugimont;Rémy DUGIMONT;Attaquant;FRA;01/07/1986
andreas-bruus;Andreas BRUUS;Défenseur;DAN;16/01/1999
steve-mandanda;Steve MANDANDA;Gardien;FRA;28/03/1985
sergio-ramos;Sergio RAMOS;Défenseur;ESP;30/03/1986
charles-blonda-traore;Charles TRAORE;Défenseur;FRA;01/01/1992
stijn-spierings;Stijn SPIERINGS;Milieu;HOL;12/03/1996
arnaud-nordin;Arnaud NORDIN;Attaquant;FRA;17/06/1998
mama-samba-balde;Mama BALDÉ;Attaquant;POR;06/11/1995
xavier-chavalerin;Xavier CHAVALERIN;Milieu;FRA;07/03/1991
arnaud-kalimuendo-muinga;Arnaud KALIMUENDO;Attaquant;FRA;20/01/2002
steve-mvoue;Steve MVOUE;Milieu;CAM;02/02/2002
ismael-ben-boura;Ismaël BOURA;Défenseur;FRA;14/08/2000
myron-boadu;Myron BOADU;Attaquant;HOL;14/01/2001
valere-germain;Valère GERMAIN;Attaquant;FRA;17/04/1990
youcef-atal;Youcef ATAL;Milieu;ALG;17/05/1996
ibrahim-diakite;Ibrahim DIAKITE;Défenseur;FRA;31/10/2003
lucas-tolentino-coelho-de-lima;Lucas PAQUETA;Milieu;POR;27/08/1997
kaj-sierhuis;Kaj SIERHUIS;Attaquant;HOL;27/04/1998
cedric-avinel;Cédric AVINEL;Défenseur;FRA;11/09/1986
frederic-guilbert;Frédéric GUILBERT;Défenseur;FRA;24/12/1994
dango-aboubacar-ouattara;Dango OUATTARA;Attaquant;BUF;11/02/2002
valentin-rongier;Valentin RONGIER;Milieu;FRA;07/12/1994
mory-diaw;Mory DIAW;Gardien;FRA;22/06/1993
jeff-reine-adelaide;Jeff REINE-ADELAIDE;Attaquant;FRA;17/01/1998
moussa-dembele;Moussa DEMBELE;Attaquant;FRA;12/07/1996
vivaldo-borges-dos-santos-neto;Neto BORGES;Défenseur;BRE;13/09/1996
edvin-bongemba;Edvin BONGEMBA;;FRA;14/01/2004
theo-trinker;Théo TRINKER;;FRA;20/06/2001
adam-buksa;Adam BUKSA;Attaquant;POL;12/07/1996
yusuf-yazici;Yusuf YAZICI;Milieu;TUR;29/01/1997
michael-jose-barreto;Michaël BARRETO;Attaquant;FRA;18/01/1991
elias-damergy;Elias DAMERGY;Gardien;FRA;17/10/2002
gelson-batalha-martins;Gelson MARTINS;Attaquant;POR;11/05/1995
ludovic-blas;Ludovic BLAS;Milieu;FRA;31/12/1997
pierrick-capelle;Pierrick CAPELLE;Milieu;FRA;15/04/1987
amin-sarr;Amin SARR;Attaquant;SUE;11/03/2001
lilian-raolisoa;Lilian RAOLISOA;Attaquant;FRA;16/06/2000
maxime-wackers;Maxime WACKERS;Défenseur;FRA;01/01/1998
franci-clarck-bouebari-kitsamoutsele;Franci Clarck BOUEBARI KITSAMOUTSELE;;FRA;12/09/2003
abdu-cadri-conte;Abdu CONTE;Défenseur;POR;24/03/1998
yllan-okou;Yllan OKOU;Défenseur;FRA;23/12/2002
derek-mazou-sacko;Derek MAZOU-SACKO;Milieu;FRA;06/10/2004
arkadiusz-krystian-milik;Arkadiusz MILIK;Attaquant;POL;28/02/1994
remy-descamps;Remy DESCAMPS;Gardien;FRA;25/06/1996
mohamed-bayo;Mohamed BAYO;Attaquant;FRA;04/06/1998
tairyk-arconte;Tairyk ARCONTE;Attaquant;FRA;12/11/2003
quentin-boisgard;Quentin BOISGARD;Milieu;FRA;17/03/1997
adilson-angel-abreu-de-almeida-gomes;Angel GOMES;Attaquant;ANG;31/08/2000
nolan-hamidou-bonte;Nolan Hamidou BONTÉ;;FRA;19/01/2004
moses-daddy-simon;Moses SIMON;Attaquant;NIG;12/07/1995
qazim-laci;Qazim LACI;Milieu;GRE;19/01/1996
christophe-herelle;Christophe HERELLE;Défenseur;FRA;22/08/1992
saif-eddine-khaoui;Saïf-Eddine KHAOUI;Milieu;FRA;27/04/1995
andreaw-gravillon;Andreaw GRAVILLON;Défenseur;FRA;08/02/1998
mouhamadou-diarra;Habib DIARRA;Attaquant;FRA;03/01/2004
alexander-nubel;Alexander NÜBEL;Gardien;ALL;30/09/1996
pablo-pagis;Pablo PAGIS;Attaquant;FRA;29/12/2002
marshall-nyasha-munetsi;Marshall MUNETSI;Milieu;ZIM;22/06/1996
johan-gastien;Johan GASTIEN;Milieu;FRA;25/01/1988
myziane-maolida;Myziane MAOLIDA;Milieu;FRA;14/02/1999
ousoumane-camara;Ousoumane CAMARA;Milieu;FRA;19/12/1998
lebo-mothiba;Lebo MOTHIBA;Attaquant;SAF;28/01/1996
enzo-tchato-mbiayi;Enzo TCHATO;Défenseur;FRA;23/11/2002
mikkel-desler-puggaard;Mikkel DESLER;Défenseur;DAN;19/02/1995
mamadou-diakhon;Mamadou DIAKHON;Attaquant;FRA;22/09/2005
jean-emile-junior-onana-onana;Jean ONANA;Milieu;CAM;08/01/2000
yahia-fofana;Yahia FOFANA;Gardien;FRA;21/08/2000
theo-pellenard;Théo PELLENARD;Défenseur;FRA;04/03/1994
birama-toure;Birama TOURE;Milieu;MAI;06/06/1992
baila-diallo;Baïla DIALLO;Défenseur;FRA;24/06/2001
maximiliano-caufriez;Maximiliano CAUFRIEZ;Défenseur;BEL;16/02/1997
mamadou-sarr;Mamadou SARR;Défenseur;FRA;29/08/2005
dimitri-payet;Dimitri PAYET;Attaquant;FRA;29/03/1987
christian-mawissa-elebi;Christian MAWISSA ELEBI;Défenseur;FRA;18/04/2005
alidu-seidu;Alidu SEIDU;Milieu;GHA;04/06/2000
marcin-bulka;Marcin BULKA;;POL;04/10/1999
youssouf-kone;Youssouf KONE;Défenseur;MAI;05/07/1995
renaud-ripart;Renaud RIPART;Attaquant;FRA;14/03/1993
malo-gusto;Malo GUSTO;Défenseur;FRA;19/05/2003
jordan-veretout;Jordan VERETOUT;Milieu;FRA;01/03/1993
lucas-perrin;Lucas PERRIN;Attaquant;FRA;19/11/1998
marin-jakolis;Marin JAKOLIS;Attaquant;CRO;26/12/1996
dejan-lovren;Dejan LOVREN;Défenseur;CRO;05/07/1989
cheick-oumar-konate;Cheick Oumar KONATE;Défenseur;MAI;02/04/2004
jonas-martin;Jonas MARTIN;Milieu;FRA;09/04/1990
yannis-nahounou;Yannis NAHOUNOU;Défenseur;FRA;16/05/2004
wilson-odobert;Wilson ODOBERT;Attaquant;FRA;28/11/2004
eiji-kawashima;Eiji KAWASHIMA;Gardien;JPN;20/03/1983
abdoulaye-ousmane;Abdoulaye OUSMANE;Défenseur;FRA;22/02/2000
rafik-guitane;Rafik GUITANE;Milieu;FRA;26/05/1999
rudy-kohon;Rudy KOHON;;FRA;23/05/2004
marcos-mesquita-lopes;Rony LOPES;Attaquant;POR;28/12/1995
caio-henrique-oliveira-silva;CAIO HENRIQUE;Défenseur;ESP;31/07/1997
soungoutou-magassa;Soungoutou MAGASSA;Milieu;FRA;08/10/2003
kylian-mbappe-lottin;Kylian MBAPPE;Attaquant;FRA;20/12/1998
yanis-begraoui;Yanis BEGRAOUI;Attaquant;FRA;04/07/2001
vito-mannone;Vito MANNONE;Gardien;ITA;02/03/1988
theo-de-percin;Theo DE PERCIN;Gardien;FRA;02/02/2001
jonathan-clauss;Jonathan CLAUSS;Défenseur;FRA;25/09/1992
leonardo-julian-balerdi-rosa;Leonardo BALERDI;Défenseur;ITA;26/01/1999
rhys-james-evitt-healey;Rhys HEALEY;Attaquant;ANG;06/12/1994
jere-uronen;Jere URONEN;Défenseur;FIN;13/07/1994
grejonh-kyei;Grejohn KYEI;Attaquant;FRA;12/08/1995
romain-salin;Romain SALIN;Gardien;FRA;29/07/1984
thiago-henrique-santos-mendes;Thiago MENDES;Milieu;BRE;15/03/1992
yuito-suzuki;Yuito SUZUKI;Milieu;JPN;25/10/2001
yacine-gaya;Yacine GAYA;Défenseur;FRA;15/11/2004
krepin-diatta;Krépin DIATTA;Attaquant;SEN;25/02/1999
teddy-boulhendi;Teddy BOULHENDI;Gardien;FRA;09/04/2001
guillermo-maripan-loayza;Guillermo MARIPAN;Défenseur;CHI;06/05/1994
maxime-le-marchand;Maxime LE MARCHAND;Défenseur;FRA;11/10/1989
jonathan-christian-david;Jonathan DAVID;Attaquant;CAN;14/01/2000
justin-noel-kalumba-mwana-ngongo;Justin KALUMBA;Milieu;FRA;25/12/2004
yvon-landry-mvogo-nganoma;Yvon MVOGO;Gardien;SUI;06/06/1994
jimmy-cabot;Jimmy CABOT;Milieu;FRA;18/04/1994
jean-louis-leca;Jean-Louis LECA;Gardien;FRA;21/09/1985
eli-junior-kroupi;Eli Junior KROUPI;Attaquant;FRA;23/06/2006
johann-lepenant;Johann LEPENANT;Milieu;FRA;22/10/2002
quentin-merlin;Quentin MERLIN;Milieu;FRA;16/05/2002
gerzino-nyamsi;Gerzino NYAMSI;Défenseur;FRA;22/01/1997
lovro-majer;Lovro MAJER;Milieu;CRO;17/01/1998
beni-makouana;Beni MAKOUANA;Attaquant;CON;28/09/2002
vincent-le-goff;Vincent LE GOFF;Défenseur;FRA;15/10/1989
gabriel-johan-gudmundsson;Gabriel GUDMUNDSSON;Défenseur;SUE;29/04/1999
corentin-tolisso;Corentin TOLISSO;Milieu;FRA;03/08/1994
reda-belahyane;Reda BELAHYANE;Attaquant;FRA;01/06/2004
samuel-koeberle;Samuel KOEBERLE;Milieu;FRA;26/11/2004
ruben-santiago-blanco-veiga;Ruben BLANCO;Gardien;ESP;25/07/1995
lucien-agoume;Lucien AGOUME;Milieu;FRA;09/02/2002
pablo-sarabia-garcia;Pablo SARABIA;Attaquant;ESP;11/05/1992
junior-castello-lukeba;Castello LUKEBA;Défenseur;FRA;17/12/2002
falaye-sacko;Falaye SACKO;Défenseur;MAI;01/05/1995
danel-jordan-dongmo;Danel DONGMO;Milieu;CAM;31/01/2001
paul-joly;Paul JOLY;Défenseur;FRA;07/06/2000
ruslan-malinovskyi;Ruslan MALINOVSKYI;Milieu;UKR;04/05/1993
julian-jeanvier;Julian JEANVIER;Défenseur;FRA;31/03/1992
alan-virginius;Alan VIRGINIUS;Attaquant;FRA;03/01/2003
check-keita;Check KEITA;Défenseur;FRA;02/04/2003
adil-rami;Adil RAMI;Défenseur;FRA;27/12/1985
nathan-zeze;Nathan ZEZE;Défenseur;FRA;18/06/2005
yunis-abdelhamid;Yunis ABDELHAMID;Défenseur;FRA;28/09/1987
jim-allevinah;Jim ALLEVINAH;Attaquant;FRA;27/02/1995
mamadou-sakho;Mamadou SAKHO;Défenseur;FRA;13/02/1990
fabien-centonze;Fabien CENTONZE;Défenseur;FRA;16/01/1996
ilyes-cheti;Ilyes CHETTI;Défenseur;ALG;22/01/1995
nicolas-pepe;Nicolas PEPE;Attaquant;FRA;29/05/1995
gaetan-charbonnier;Gaëtan CHARBONNIER;Attaquant;FRA;27/12/1988
romain-del-castillo;Romain DEL CASTILLO;Attaquant;FRA;29/03/1996
yaya-kader-fofana;Yaya-Kader FOFANA;Milieu;MAI;12/06/2004
logan-costa;Logan COSTA;Défenseur;FRA;01/04/2001
rafael-rogerio-da-silva;Rafael RATAO;Attaquant;BRE;30/11/1995
anas-nanah;Anas NANAH;Défenseur;MAR;12/03/2003
junior-flemmings;Junior FLEMMINGS;Attaquant;JAM;16/01/1996
fares-chaibi;Fares CHAÏBI;Milieu;FRA;28/11/2002
edhy-zuliani;Edhy ZULIANI;;FRA;11/08/2004
brendan-chardonnet;Brendan CHARDONNET;Défenseur;FRA;22/12/1994
jonathan-bamba;Jonathan BAMBA;Milieu;FRA;26/03/1996
vitor-machado-ferreira;VITINHA;Milieu;POR;13/02/2000
ismael-doukoure;Ismaël DOUKOURE;Défenseur;FRA;24/07/2003
marlos-moreno-duran;Marlos MORENO;Milieu;COL;20/09/1996
benoit-costil;Benoît COSTIL;Gardien;FRA;03/07/1987
fernand-mayembo;Fernand MAYEMBO;Milieu;FRA;09/01/1996
alexis-tibidi;Alexis TIBIDI;Attaquant;FRA;03/11/2003
yoann-cathline;Yoann CATHLINE;Attaquant;FRA;22/07/2002
diop-tehuti-djed-hotep-spence;Djed SPENCE;Défenseur;ANG;09/08/2000
hianga-a-mananga-mbock;Hianga’a MBOCK;Attaquant;FRA;28/12/1999
yakine-said-mmadi;Yakine SAID MMADI;Défenseur;FRA;11/03/2004
leandro-daniel-paredes;Leandro PAREDES;Milieu;ARG;29/06/1994
bonke-innocent;Bonke INNOCENT;Milieu;NIG;20/01/1996
chimuanya-lesley-ugochukwu;Lesley UGOCHUKWU;Milieu;FRA;26/03/2004
alban-lafont;Alban LAFONT;Gardien;FRA;23/01/1999
antoine-alpha-mendy;Antoine MENDY;Défenseur;FRA;27/05/2004
khephren-thuram-ulien;Khéphren THURAM;Milieu;FRA;26/03/2001
leo-petrot;Leo PETROT;Défenseur;FRA;15/04/1997
miha-blazic;Miha BLAZIC;Défenseur;SLO;08/05/1993
enzo-le-fee;Enzo LE FEE;Milieu;FRA;03/02/2000
theocharis-tsingaras;Theocharis TSINGARAS;Milieu;GRE;20/08/2000
halid-sabanovic;Halid SABANOVIC;Défenseur;BOS;22/08/1999
edon-zhegrova;Edon ZHEGROVA;Milieu;KSV;31/03/1999
yoann-beaka;Yoann BEAKA;;FRA;06/04/2003
bevic-selad-moussiti-oko;Bevic MOUSSITI-OKO;Attaquant;CON;28/01/1995
nordine-kandil;Nordine KANDIL;Milieu;FRA;31/10/2001
lorenz-assignon;Lorenz ASSIGNON;Défenseur;FRA;22/06/2000
colin-dagba;Colin DAGBA;Défenseur;FRA;09/09/1998
teji-savanier;Téji SAVANIER;Milieu;FRA;22/12/1991
david-pereira-da-costa;David PEREIRA DA COSTA;Milieu;POR;05/01/2001
rayan-raveloson;Rayan RAVELOSON;Milieu;FRA;16/01/1997
axel-camblan;Axel CAMBLAN;Attaquant;FRA;30/08/2003
samuel-moutoussamy;Samuel MOUTOUSSAMY;Milieu;FRA;12/08/1996
ayoub-amraoui;Ayoub AMRAOUI;;FRA;14/05/2004
waniss-taibi;Waniss TAÏBI;Milieu;FRA;07/03/2002
sead-kolasinac;Sead KOLASINAC;Défenseur;ALL;20/06/1993
florent-duparchy;Florent DUPARCHY;Gardien;FRA;20/06/2000
issa-kabore;Issa KABORÉ;Défenseur;BUF;12/05/2001
vitor-manuel-carvalho-de-oliveira;VITINHA;Attaquant;POR;15/03/2000
alexis-claude-maurice;Alexis CLAUDE-MAURICE;Attaquant;FRA;06/06/1998
wout-faes;Wout FAES;Défenseur;BEL;03/04/1998
ado-onaiwu;Ado ONAIWU;Attaquant;JPN;08/11/1995
ivane-chegra;Ivane CHEGRA;Milieu;FRA;03/03/2004
brecht-emiel-dejaegere;Brecht DEJAEGERE;Milieu;BEL;29/05/1991
ismaily-goncalves-santos;ISMAILY;Défenseur;BRE;11/01/1990
simon-brady-ngapandouentnbu;Simon NGAPANDOUENTNBU;Gardien;FRA;12/04/2003
alexandre-lacazette;Alexandre LACAZETTE;Attaquant;FRA;28/05/1991
malang-sarr;Malang SARR;Défenseur;FRA;23/01/1999
florian-sotoca;Florian SOTOCA;Attaquant;FRA;25/10/1990
fabio-pereira-da-silva;FABIO;Défenseur;POR;09/07/1990
pape-alassane-gueye;Pape GUEYE;Milieu;FRA;24/01/1999
angelo-fulgini;Angelo FULGINI;Milieu;FRA;20/08/1996
lois-diony;Loïs DIONY;Attaquant;FRA;20/12/1992
fallou-fall;Fallou FALL;Défenseur;SEN;15/04/2004
cedric-hountondji;Cédric HOUNTONDJI;Défenseur;FRA;19/01/1994
oumar-gonzalez;Oumar GONZALEZ;Défenseur;FRA;25/02/1998
mounaim-el-idrissy;Mounaim EL IDRISSY;Attaquant;FRA;10/02/1999
christ-emmanuel-faitout-maouassa;Faitout MAOUASSA;Défenseur;FRA;06/07/1998
dimitri-lienard;Dimitri LIENARD;Attaquant;FRA;13/02/1988
kevin-keben-biakolo;Kévin KEBEN;Défenseur;CAM;26/01/2004
wahbi-khazri;Wahbi KHAZRI;Attaquant;FRA;08/02/1991
anthony-rouault;Anthony ROUAULT;Défenseur;FRA;29/05/2001
christopher-maurice-wooh;Christopher WOOH;Défenseur;FRA;18/09/2001
hamari-traore;Hamari TRAORE;Défenseur;MAI;27/01/1992
mateus-cardoso-lemos-martins;TETE;Attaquant;BRE;15/02/2000
simon-ramet;Simon RAMET;;FRA;13/03/2003
arber-zeneli;Arber ZENELI;Milieu;SUE;25/02/1995
mathieu-coutadeur;Mathieu COUTADEUR;Milieu;FRA;20/03/1986
haris-belkebla;Haris BELKEBLA;Milieu;FRA;28/01/1994
giovani-versini;Giovani VERSINI;Attaquant;FRA;18/03/2004
steve-mounie;Steve MOUNIE;Attaquant;FRA;29/09/1994
mehdi-puch-herrantz;Mehdi PUCH;Milieu;FRA;20/01/2004
jeremy-bela;Jérémie BELA;Milieu;FRA;08/04/1993
nicolas-tagliafico;Nicolás TAGLIAFICO;Défenseur;ITA;31/08/1992
ibrahima-kone;Ibrahima KONE;Attaquant;MAI;16/06/1999
hicham-boudaoui;Hicham BOUDAOUI;Milieu;ALG;23/09/1999
chrislain-matsima;Chrislain MATSIMA;Défenseur;FRA;15/05/2002
gor-manvelyan;Gor MANVELYAN;Milieu;FRA;09/04/2002
kevin-volland;Kevin VOLLAND;Attaquant;ALL;30/07/1992
lucas-chevalier;Lucas CHEVALIER;Gardien;FRA;06/11/2001
adam-jakubech;Adam JAKUBECH;Gardien;SVQ;02/01/1997
leo-rouille;Léo ROUILLE;;FRA;09/02/2004
julien-ponceau;Julien PONCEAU;Milieu;FRA;28/11/2000
andric-komnen;Komnen ANDRIC;Attaquant;SER;01/07/1995
christopher-jullien;Christopher JULLIEN;Défenseur;FRA;22/03/1993
alan-do-marcolino;Alan DO MARCOLINO;Attaquant;GAB;19/03/2002
pierre-ismaelo-ganiou;Pierre Ismaelo GANIOU;;FRA;14/03/2005
karl-toko-ekambi;Karl TOKO EKAMBI;Attaquant;FRA;14/09/1992
joris-chotard;Joris CHOTARD;Milieu;FRA;24/09/2001
birger-meling;Birger MELING;Défenseur;NOR;17/12/1994
mohamed-camara-2;Mohamed CAMARA;Milieu;MAI;06/01/2000
nathanael-mbuku;Nathanaël MBUKU;Milieu;FRA;16/03/2002
ante-palaversa;Ante PALAVERSA;Milieu;CRO;06/04/2000
jason-mbock;Jason MBOCK;Attaquant;FRA;01/11/1999
billal-brahimi;Billal BRAHIMI;Attaquant;FRA;14/03/2000
sofiane-boufal;Sofiane BOUFAL;Attaquant;FRA;17/09/1993
bamo-abdoul-meite;Bamo MEITE;Défenseur;FRA;03/12/2001
mbaye-niang;Mbaye NIANG;Attaquant;FRA;19/12/1994
mitchell-van-bergen;Mitchell VAN BERGEN;Attaquant;HOL;27/08/1999
gianluigi-donnarumma;Gianluigi DONNARUMMA;Gardien;ITA;25/02/1999
marcos-aoas-correa;MARQUINHOS;Défenseur;POR;14/05/1994
soumaila-sylla;Soumaila SYLLA;;FRA;15/03/2004
banhie-xavier-tanguy-zoukrou;Tanguy ZOUKROU;Défenseur;FRA;07/05/2003
vincent-marchetti;Vincent MARCHETTI;Milieu;FRA;04/07/1997
florent-ogier;Florent OGIER;Défenseur;FRA;21/03/1989
cengiz-under;Cengiz ÜNDER;Attaquant;TUR;14/07/1997
ismael-jean-chester-diallo;Ismaël DIALLO;Défenseur;IVO;29/01/1997
facundo-axel-medina;Facundo MEDINA;Défenseur;ARG;28/05/1999
kevin-spadanuda;Kévin SPADANUDA;Milieu;SUI;16/01/1997
emmanuel-agbadou;Emmanuel AGBADOU;Défenseur;IVO;17/06/1997
naatan-mikael-skytta;Naatan SKYTTA;Milieu;FIN;07/05/2002
batista-mendy;Batista MENDY;Milieu;FRA;12/01/2000
presnel-kimpembe;Presnel KIMPEMBE;Défenseur;FRA;13/08/1995
karamoko-kader-dembele;Karamoko DEMBELE;Attaquant;IVO;22/02/2003
ikoma-lois-openda;Loïs OPENDA;Attaquant;BEL;16/02/2000
franck-honorat;Franck HONORAT;Milieu;FRA;11/08/1996
carlos-noom-quomah-baleba;Carlos BALEBA;Milieu;CAM;03/01/2004
nicolas-pallois;Nicolas PALLOIS;Défenseur;FRA;19/09/1987
armand-lauriente;Armand LAURIENTE;Attaquant;FRA;04/12/1998
ayman-kari;Ayman KARI;Milieu;FRA;19/11/2004
benjamin-leroy;Benjamin LEROY;Gardien;FRA;07/04/1989
pedro-chirivella-burgos;Pedro CHIRIVELLA;Milieu;ESP;23/05/1997
flavius-daniliuc;Flavius DANILIUC;Défenseur;AUT;27/04/2001
warren-zaire-emery;Warren ZAÏRE-EMERY;Milieu;FRA;08/03/2006
denis-petric;Denis PETRIC;Gardien;SLO;24/05/1988
adil-aouchiche;Adil AOUCHICHE;Attaquant;FRA;15/07/2002
robin-voisine;Robin VOISINE;Défenseur;FRA;07/04/2002
boubacar-dit-kiki-kouyate;Boubakar KOUYATE;Défenseur;MAI;15/04/1997
mathis-hamdi;Mathis HAMDI;Défenseur;FRA;18/10/2003
aleksandr-golovin;Aleksandr GOLOVIN;Milieu;RUS;30/05/1996
paul-bellon;Paul BELLON;Milieu;FRA;15/01/2000
ousmane-camara-1;Ousmane CAMARA;Attaquant;GUI;03/11/2001
elbasan-rashani;Elbasan RASHANI;Attaquant;NOR;09/05/1993
achraf-hakimi;Achraf HAKIMI;Défenseur;ESP;04/11/1998
igor-silva-de-almeida;Igor SILVA;Défenseur;BRE;21/08/1996
brandon-baiye;Brandon BAIYE;Milieu;BEL;27/12/2000
aiman-maurer;Aïman MAURER;Attaquant;FRA;25/09/2004
mathis-cherki;Rayan CHERKI;Attaquant;FRA;17/08/2003
felix-lemarechal;Félix LEMARECHAL;Milieu;FRA;07/08/2003
matthis-abline;Matthis ABLINE;Attaquant;FRA;28/03/2003
ckene-doucoure;Siriné DOUCOURE;Attaquant;FRA;08/04/2002
benjamin-andre;Benjamin ANDRE;Milieu;FRA;03/08/1990
matz-sels;Matz SELS;Gardien;BEL;26/02/1992
bafode-diakite;Bafodé DIAKITE;Défenseur;FRA;06/01/2001
badredine-bouanani;Badredine BOUANANI;Attaquant;FRA;08/12/2004
dimitry-bertaud;Dimitry BERTAUD;Gardien;FRA;06/06/1998
brice-samba;Brice SAMBA;Gardien;FRA;25/04/1994
soudeysse-kari;Soudeysse KARI;;FRA;07/02/2002
jeanricner-bellegarde;Jeanricner BELLEGARDE;Milieu;FRA;27/06/1998
youssouf-fofana-1;Youssouf FOFANA;Milieu;FRA;10/01/1999
wissam-ben-yedder;Wissam BEN YEDDER;Attaquant;FRA;12/08/1990
